{"proc_stat_cpu_guest": {"count": 46458.0, "std": 1.010943508879744, "min": 0.0, "max": 30.0, "50%": 2.0, "25%": 1.0, "75%": 3.0, "mean": 1.8970252701364674}, "proc_stat_cpu_num": {"count": 46458.0, "std": 0.15746763704086328, "min": 0.0, "max": 24.0, "50%": 24.0, "25%": 24.0, "75%": 24.0, "mean": 23.998966808730465}, "proc_stat_cpu_iowait": {"count": 46458.0, "std": 0.010374113806266195, "min": -1.0, "max": 1.0, "50%": 0.0, "25%": 0.0, "75%": 0.0, "mean": 6.4574454345860775e-05}, "proc_stat_cpu_soft": {"count": 46458.0, "std": 1.2048504543181491, "min": 0.0, "max": 34.0, "50%": 3.0, "25%": 2.0, "75%": 3.0, "mean": 2.2802961814972664}, "proc_stat_cpu_steal": {"count": 46458.0, "std": 0.0, "min": 0.0, "max": 0.0, "50%": 0.0, "25%": 0.0, "75%": 0.0, "mean": 0.0}, "proc_stat_cpu_user": {"count": 46458.0, "std": 1.0426639479986319, "min": 0.0, "max": 34.0, "50%": 2.0, "25%": 2.0, "75%": 3.0, "mean": 2.2922639803693659}, "proc_stat_cpu_nice": {"count": 46458.0, "std": 0.0, "min": 0.0, "max": 0.0, "50%": 0.0, "25%": 0.0, "75%": 0.0, "mean": 0.0}, "proc_stat_cpu_nguest": {"count": 46458.0, "std": 0.0, "min": 0.0, "max": 0.0, "50%": 0.0, "25%": 0.0, "75%": 0.0, "mean": 0.0}, "proc_stat_cpu_idle": {"count": 46458.0, "std": 16.577258008648499, "min": 84.0, "max": 968.0, "50%": 91.0, "25%": 90.0, "75%": 95.0, "mean": 95.14417323173619}, "proc_stat_cpu_all": {"count": 46458.0, "std": 3.5476845778919581, "min": 0.0, "max": 16.0, "50%": 9.0, "25%": 5.0, "75%": 10.0, "mean": 7.3365190064143961}, "proc_stat_cpu_irq": {"count": 46458.0, "std": 0.0, "min": 0.0, "max": 0.0, "50%": 0.0, "25%": 0.0, "75%": 0.0, "mean": 0.0}, "proc_stat_cpu_sys": {"count": 46458.0, "std": 0.58898116116264732, "min": 0.0, "max": 16.0, "50%": 1.0, "25%": 1.0, "75%": 1.0, "mean": 0.94810366352404318}}