{"proc_schedstat_sched_yield": {"count": 46458.0, "std": 3459.3982896705525, "min": 0.0, "max": 112943.0, "50%": 8502.0, "25%": 6450.0, "75%": 10043.75, "mean": 8615.5332558439877}, "proc_schedstat_wake_up_local": {"count": 46458.0, "std": 1530.8143416714415, "min": 1223.0, "max": 68537.0, "50%": 4554.0, "25%": 3985.0, "75%": 5943.0, "mean": 4942.7322097378274}, "proc_schedstat_wake_up_remote": {"count": 46458.0, "std": 5149.8332167760709, "min": 0.0, "max": 211157.0, "50%": 13132.5, "25%": 10886.25, "75%": 17443.0, "mean": 14192.338413190408}, "proc_schedstat_waiting": {"count": 46458.0, "std": 68.421036494954151, "min": 0.0, "max": 1886.0, "50%": 166.0, "25%": 132.0, "75%": 202.0, "mean": 166.06308924189591}, "proc_schedstat_expired": {"count": 46458.0, "std": 0.0, "min": 0.0, "max": 0.0, "50%": 0.0, "25%": 0.0, "75%": 0.0, "mean": 0.0}, "proc_schedstat_running": {"count": 46458.0, "std": 608.46353850368291, "min": 0.0, "max": 20413.0, "50%": 1847.0, "25%": 1672.0, "75%": 1987.0, "mean": 1750.5165525851307}, "proc_schedstat_tasks": {"count": 46458.0, "std": 5587.0748291460714, "min": 0.0, "max": 243861.0, "50%": 16341.0, "25%": 13771.0, "75%": 20591.75, "mean": 17242.884562400446}, "proc_schedstat_schedule": {"count": 46458.0, "std": 41825.988513589284, "min": 0.0, "max": 487424.0, "50%": 35970.0, "25%": 30352.0, "75%": 46170.75, "mean": 49532.411425373459}, "proc_schedstat_schedule_idle": {"count": 46458.0, "std": 4911.6100797887466, "min": 0.0, "max": 203255.0, "50%": 13199.5, "25%": 10900.0, "75%": 17007.75, "mean": 13994.609173877481}}