{"net_interfaces_network_utilization": {"count": 46459.0, "std": 55.289652391337576, "min": 0.223986475568, "max": 1783.34587498, "50%": 169.25351175700001, "25%": 165.82418522649999, "75%": 172.47495334249999, "mean": 153.5308059635945}, "net_interfaces_receive_multicast": {"count": 46459.0, "std": 1.2959886048749336, "min": 0.0, "max": 21.0, "50%": 1.0, "25%": 0.0, "75%": 2.0, "mean": 1.2936352482834328}, "net_interfaces_speed": {"count": 46459.0, "std": 10992.272082866215, "min": 20500000000.0, "max": 20500000000.0, "50%": 20500000000.0, "25%": 20500000000.0, "75%": 20500000000.0, "mean": 20500000000.0}, "net_interfaces_transmit_carrier": {"count": 46459.0, "std": 0.0, "min": 0.0, "max": 0.0, "50%": 0.0, "25%": 0.0, "75%": 0.0, "mean": 0.0}, "net_interfaces_receive_errs": {"count": 46459.0, "std": 0.0, "min": 0.0, "max": 0.0, "50%": 0.0, "25%": 0.0, "75%": 0.0, "mean": 0.0}, "net_interfaces_network_saturation": {"count": 46459.0, "std": 0.0, "min": 0.0, "max": 0.0, "50%": 0.0, "25%": 0.0, "75%": 0.0, "mean": 0.0}, "net_interfaces_receive_packets": {"count": 46459.0, "std": 118754.05991074484, "min": 172.0, "max": 3621434.0, "50%": 345212.0, "25%": 317086.5, "75%": 360832.5, "mean": 316076.23041821824}, "net_interfaces_receive_compressed": {"count": 46459.0, "std": 0.0, "min": 0.0, "max": 0.0, "50%": 0.0, "25%": 0.0, "75%": 0.0, "mean": 0.0}, "net_interfaces_transmit_fifo": {"count": 46459.0, "std": 0.0, "min": 0.0, "max": 0.0, "50%": 0.0, "25%": 0.0, "75%": 0.0, "mean": 0.0}, "net_interfaces_transmit_drop": {"count": 46459.0, "std": 3273.7630756813992, "min": 0.0, "max": 71706.0, "50%": 5038.0, "25%": 2734.5, "75%": 7572.5, "mean": 5085.9842226479259}, "net_interfaces_transmit_errs": {"count": 46459.0, "std": 0.0, "min": 0.0, "max": 0.0, "50%": 0.0, "25%": 0.0, "75%": 0.0, "mean": 0.0}, "net_interfaces_transmit_compressed": {"count": 46459.0, "std": 0.0, "min": 0.0, "max": 0.0, "50%": 0.0, "25%": 0.0, "75%": 0.0, "mean": 0.0}, "net_interfaces_receive_fifo": {"count": 46459.0, "std": 0.0, "min": 0.0, "max": 0.0, "50%": 0.0, "25%": 0.0, "75%": 0.0, "mean": 0.0}, "net_interfaces_transmit_packets": {"count": 46459.0, "std": 121951.74690781644, "min": 312.0, "max": 3802234.0, "50%": 361957.0, "25%": 339062.0, "75%": 374014.0, "mean": 330061.003336275}, "net_interfaces_receive_bytes": {"count": 46459.0, "std": 93729931.164362058, "min": 101114.0, "max": 2955753993.0, "50%": 280569340.0, "25%": 268935017.0, "75%": 292989273.0, "mean": 255773642.19016767}, "net_interfaces_transmit_bytes": {"count": 46459.0, "std": 127587619.66645047, "min": 546334.0, "max": 4121311665.0, "50%": 390952416.0, "25%": 383791077.0, "75%": 397819474.0, "mean": 354563090.88346714}, "net_interfaces_receive_frame": {"count": 46459.0, "std": 0.0, "min": 0.0, "max": 0.0, "50%": 0.0, "25%": 0.0, "75%": 0.0, "mean": 0.0}, "net_interfaces_receive_drop": {"count": 46459.0, "std": 0.20466585548334928, "min": 0.0, "max": 2.0, "50%": 0.0, "25%": 0.0, "75%": 0.0, "mean": 0.043759013323575624}, "net_interfaces_transmit_colls": {"count": 46459.0, "std": 0.0, "min": 0.0, "max": 0.0, "50%": 0.0, "25%": 0.0, "75%": 0.0, "mean": 0.0}}