{"proc_stat_meminfo_hardwarecorrupted": {"count": 46458.0, "std": 0.0, "min": 0.0, "max": 0.0, "50%": 0.0, "25%": 0.0, "75%": 0.0, "mean": 0.0}, "proc_stat_meminfo_hugepages_rsvd": {"count": 46458.0, "std": 0.0, "min": 0.0, "max": 0.0, "50%": 0.0, "25%": 0.0, "75%": 0.0, "mean": 0.0}, "proc_stat_meminfo_mlocked": {"count": 46458.0, "std": 931.21575197353536, "min": 0.0, "max": 115888.0, "50%": 115888.0, "25%": 115880.0, "75%": 115888.0, "mean": 115876.11304834475}, "proc_stat_meminfo_unevictable": {"count": 46458.0, "std": 537.66737519531523, "min": 0.0, "max": 115888.0, "50%": 115888.0, "25%": 115880.0, "75%": 115888.0, "mean": 115881.10181238968}, "proc_stat_meminfo_active": {"count": 46458.0, "std": 107337.84370234061, "min": 15921828.0, "max": 16335252.0, "50%": 16075452.0, "25%": 15944608.0, "75%": 16158058.0, "mean": 16072111.397305092}, "proc_stat_meminfo_active_anon": {"count": 46458.0, "std": 150501.49500937123, "min": 0.0, "max": 10529948.0, "50%": 10339072.0, "25%": 10106636.0, "75%": 10405187.0, "mean": 10292122.037539283}, "proc_stat_meminfo_free": {"count": 46458.0, "std": 407885.84967781085, "min": 372752136.0, "max": 373868220.0, "50%": 373116316.0, "25%": 372981128.0, "75%": 373790332.0, "mean": 373336925.54298508}, "proc_stat_meminfo_slab": {"count": 46458.0, "std": 21462.81561629432, "min": 0.0, "max": 669624.0, "50%": 641554.0, "25%": 614704.0, "75%": 657067.0, "mean": 636202.87029144599}, "proc_stat_meminfo_nfs_unstable": {"count": 46458.0, "std": 0.0, "min": 0.0, "max": 0.0, "50%": 0.0, "25%": 0.0, "75%": 0.0, "mean": 0.0}, "proc_stat_meminfo_vmallocchunk": {"count": 46458.0, "std": 28668.517170132542, "min": 34157103100.0, "max": 34157103100.0, "50%": 34157103100.0, "25%": 34157103100.0, "75%": 34157103100.0, "mean": 34157103100.0}, "proc_stat_meminfo_directmap4k": {"count": 46458.0, "std": 1682.9823473924585, "min": 0.0, "max": 362752.0, "50%": 362752.0, "25%": 362752.0, "75%": 362752.0, "mean": 362744.19182917906}, "proc_stat_meminfo_cmafree": {"count": 46458.0, "std": 0.0, "min": 0.0, "max": 0.0, "50%": 0.0, "25%": 0.0, "75%": 0.0, "mean": 0.0}, "proc_stat_meminfo_bounce": {"count": 46458.0, "std": 0.0, "min": 0.0, "max": 0.0, "50%": 0.0, "25%": 0.0, "75%": 0.0, "mean": 0.0}, "proc_stat_meminfo_inactive_anon": {"count": 46458.0, "std": 14.183638896791624, "min": 0.0, "max": 3012.0, "50%": 2812.0, "25%": 2808.0, "75%": 2816.0, "mean": 2812.77033019071}, "proc_stat_meminfo_mapped": {"count": 46458.0, "std": 449.68488290474477, "min": 0.0, "max": 113764.0, "50%": 70324.0, "25%": 70272.0, "75%": 70324.0, "mean": 70314.122949761077}, "proc_stat_meminfo_vmalloctotal": {"count": 46458.0, "std": 276102838.99926376, "min": 0.0, "max": 34359738367.0, "50%": 34359738367.0, "25%": 34359738367.0, "75%": 34359738367.0, "mean": 34357519605.643486}, "proc_stat_meminfo_sunreclaim": {"count": 46458.0, "std": 8147.8763822316614, "min": 0.0, "max": 232620.0, "50%": 217524.0, "25%": 207792.0, "75%": 221056.0, "mean": 214681.65698049852}, "proc_stat_meminfo_committed_as": {"count": 46458.0, "std": 190581.12456125673, "min": 0.0, "max": 31492584.0, "50%": 31006222.0, "25%": 30923767.0, "75%": 31091512.0, "mean": 31007486.931421928}, "proc_stat_meminfo_anonpages": {"count": 46458.0, "std": 158191.17616213189, "min": 0.0, "max": 10637732.0, "50%": 10449508.0, "25%": 10217224.0, "75%": 10516164.0, "mean": 10402401.385337293}, "proc_stat_meminfo_swaptotal": {"count": 46458.0, "std": 3.7756577164587939, "min": 5345276.0, "max": 5345276.0, "50%": 5345276.0, "25%": 5345276.0, "75%": 5345276.0, "mean": 5345276.0}, "proc_stat_meminfo_kernelstack": {"count": 46458.0, "std": 219.05026251688076, "min": 0.0, "max": 18544.0, "50%": 17520.0, "25%": 17376.0, "75%": 17664.0, "mean": 17526.299367170348}, "proc_stat_meminfo_memfree": {"count": 46458.0, "std": 1779468.2949705645, "min": 0.0, "max": 373868220.0, "50%": 373116316.0, "25%": 372981128.0, "75%": 373790332.0, "mean": 373328897.04894745}, "proc_stat_meminfo_hugepages_free": {"count": 46458.0, "std": 0.0, "min": 0.0, "max": 0.0, "50%": 0.0, "25%": 0.0, "75%": 0.0, "mean": 0.0}, "proc_stat_meminfo_swapcached": {"count": 46458.0, "std": 0.0, "min": 0.0, "max": 0.0, "50%": 0.0, "25%": 0.0, "75%": 0.0, "mean": 0.0}, "proc_stat_meminfo_hugepages_total": {"count": 46458.0, "std": 0.0, "min": 0.0, "max": 0.0, "50%": 0.0, "25%": 0.0, "75%": 0.0, "mean": 0.0}, "proc_stat_meminfo_memavailable": {"count": 46458.0, "std": 1787452.0011908156, "min": 0.0, "max": 384318304.0, "50%": 384082080.0, "25%": 384010207.0, "75%": 384294640.0, "mean": 384109135.59283656}, "proc_stat_meminfo_hugepages_surp": {"count": 46458.0, "std": 0.0, "min": 0.0, "max": 0.0, "50%": 0.0, "25%": 0.0, "75%": 0.0, "mean": 0.0}, "proc_stat_meminfo_hugepagesize": {"count": 46458.0, "std": 13.4372383608149, "min": 0.0, "max": 2048.0, "50%": 2048.0, "25%": 2048.0, "75%": 2048.0, "mean": 2047.9118343449998}, "proc_stat_meminfo_inactive_file": {"count": 46458.0, "std": 443471.32489037217, "min": 0.0, "max": 5368008.0, "50%": 4940976.0, "25%": 4339612.0, "75%": 5287628.0, "mean": 4824793.9504929185}, "proc_stat_meminfo_dirty": {"count": 46458.0, "std": 1560.5313209189176, "min": 0.0, "max": 102656.0, "50%": 84.0, "25%": 60.0, "75%": 132.0, "mean": 157.18524258470015}, "proc_stat_meminfo_cached": {"count": 46458.0, "std": 485144.65198373294, "min": 9571068.0, "max": 10658612.0, "50%": 10184368.0, "25%": 9576324.0, "75%": 10622912.0, "mean": 10103544.90292307}, "proc_stat_meminfo_cmatotal": {"count": 46458.0, "std": 0.0, "min": 0.0, "max": 0.0, "50%": 0.0, "25%": 0.0, "75%": 0.0, "mean": 0.0}, "proc_stat_meminfo_active_file": {"count": 46458.0, "std": 55846.565470058755, "min": 5732224.0, "max": 6037148.0, "50%": 5749568.0, "25%": 5737809.0, "75%": 5834968.0, "mean": 5779772.0584614063}, "proc_stat_meminfo_directmap1g": {"count": 46458.0, "std": 1770806.2335584376, "min": 0.0, "max": 381681664.0, "50%": 381681664.0, "25%": 381681664.0, "75%": 381681664.0, "mean": 381673448.37160444}, "proc_stat_meminfo_commitlimit": {"count": 46458.0, "std": 146.89375139806887, "min": 203420460.0, "max": 203420460.0, "50%": 203420460.0, "25%": 203420460.0, "75%": 203420460.0, "mean": 203420460.0}, "proc_stat_meminfo_writeback": {"count": 46458.0, "std": 345.64258380732497, "min": 0.0, "max": 56896.0, "50%": 0.0, "25%": 0.0, "75%": 0.0, "mean": 6.1102070687502694}, "proc_stat_meminfo_swapfree": {"count": 46458.0, "std": 3.7756577164587939, "min": 5345276.0, "max": 5345276.0, "50%": 5345276.0, "25%": 5345276.0, "75%": 5345276.0, "mean": 5345276.0}, "proc_stat_meminfo_memtotal": {"count": 46458.0, "std": 3183325.8313658312, "min": 0.0, "max": 396150372.0, "50%": 396150372.0, "25%": 396150372.0, "75%": 396150372.0, "mean": 396124790.80588919}, "proc_stat_meminfo_anonhugepages": {"count": 46458.0, "std": 82730.383874999025, "min": 0.0, "max": 3244032.0, "50%": 2940928.0, "25%": 2914304.0, "75%": 2983936.0, "mean": 2961140.2849885919}, "proc_stat_meminfo_vmallocused": {"count": 46458.0, "std": 5219.7250787274816, "min": 0.0, "max": 1125120.0, "50%": 1125056.0, "25%": 1125056.0, "75%": 1125056.0, "mean": 1125036.4988591846}, "proc_stat_meminfo_directmap2m": {"count": 46458.0, "std": 0.0, "min": 22579200.0, "max": 22579200.0, "50%": 22579200.0, "25%": 22579200.0, "75%": 22579200.0, "mean": 22579200.0}, "proc_stat_meminfo_inactive": {"count": 46458.0, "std": 443475.76338365191, "min": 0.0, "max": 5370824.0, "50%": 4943784.0, "25%": 4342424.0, "75%": 5290444.0, "mean": 4827606.7208231091}, "proc_stat_meminfo_sreclaimable": {"count": 46458.0, "std": 13773.140099608201, "min": 0.0, "max": 437272.0, "50%": 423796.0, "25%": 406828.0, "75%": 436012.0, "mean": 421516.84730294027}, "proc_stat_meminfo_shmem": {"count": 46458.0, "std": 2.8049475543732947, "min": 1756.0, "max": 1768.0, "50%": 1756.0, "25%": 1756.0, "75%": 1756.0, "mean": 1756.8096775582246}, "proc_stat_meminfo_writebacktmp": {"count": 46458.0, "std": 0.0, "min": 0.0, "max": 0.0, "50%": 0.0, "25%": 0.0, "75%": 0.0,